{
	"width": 640,
	"height": 480,
	"fps": 30,
	"main": "./script/main.js",
	"assets": {
		"main": {
			"type": "script",
			"path": "script/main.js",
			"global": true
		},
		"blue": {
			"type": "image",
			"width": 256,
			"height": 256,
			"path": "image/blue.png"
		},
		"green": {
			"type": "image",
			"width": 256,
			"height": 256,
			"path": "image/green.png"
		},
		"red": {
			"type": "image",
			"width": 256,
			"height": 256,
			"path": "image/red.png"
		}
	},
	"moduleMainScripts": {
		"@akashic-extension/collision-js": "node_modules/@akashic-extension/collision-js/lib/index.js"
	},
	"environment": {
		"sandbox-runtime": "2"
	},
	"globalScripts": [
		"node_modules/@akashic-extension/collision-js/lib/math/Vec2.js",
		"node_modules/@akashic-extension/collision-js/lib/math/Vec3.js",
		"node_modules/@akashic-extension/collision-js/lib/math/Mat22.js",
		"node_modules/@akashic-extension/collision-js/lib/math/utils.js",
		"node_modules/@akashic-extension/collision-js/lib/math/index.js",
		"node_modules/@akashic-extension/collision-js/lib/math/Vec3Like.js",
		"node_modules/@akashic-extension/collision-js/lib/math/Vec2Like.js",
		"node_modules/@akashic-extension/collision-js/lib/math/Mat33.js",
		"node_modules/@akashic-extension/collision-js/lib/index.js",
		"node_modules/@akashic-extension/collision-js/lib/collision/Line.js",
		"node_modules/@akashic-extension/collision-js/lib/collision/AABB.js",
		"node_modules/@akashic-extension/collision-js/lib/collision/Box.js",
		"node_modules/@akashic-extension/collision-js/lib/collision/intersect.js",
		"node_modules/@akashic-extension/collision-js/lib/collision/Circle.js",
		"node_modules/@akashic-extension/collision-js/lib/collision/Segment.js",
		"node_modules/@akashic-extension/collision-js/lib/collision/Contact.js",
		"node_modules/@akashic-extension/collision-js/lib/collision/index.js",
		"node_modules/@akashic-extension/collision-js/package.json"
	]
}