{
  "42": {
    "x": 281,
    "y": 85
  },
  "43": {
    "x": 309,
    "y": 85
  },
  "45": {
    "x": 337,
    "y": 85
  },
  "48": {
    "x": 1,
    "y": 85
  },
  "49": {
    "x": 29,
    "y": 85
  },
  "50": {
    "x": 57,
    "y": 85
  },
  "51": {
    "x": 85,
    "y": 85
  },
  "52": {
    "x": 113,
    "y": 85
  },
  "53": {
    "x": 141,
    "y": 85
  },
  "54": {
    "x": 169,
    "y": 85
  },
  "55": {
    "x": 197,
    "y": 85
  },
  "56": {
    "x": 225,
    "y": 85
  },
  "57": {
    "x": 253,
    "y": 85
  }
}
