{
  "42": {
    "x": 686,
    "y": 151
  },
  "43": {
    "x": 718,
    "y": 151
  },
  "45": {
    "x": 750,
    "y": 151
  },
  "48": {
    "x": 366,
    "y": 151
  },
  "49": {
    "x": 398,
    "y": 151
  },
  "50": {
    "x": 430,
    "y": 151
  },
  "51": {
    "x": 462,
    "y": 151
  },
  "52": {
    "x": 494,
    "y": 151
  },
  "53": {
    "x": 526,
    "y": 151
  },
  "54": {
    "x": 558,
    "y": 151
  },
  "55": {
    "x": 590,
    "y": 151
  },
  "56": {
    "x": 622,
    "y": 151
  },
  "57": {
    "x": 654,
    "y": 151
  }
}
