{
  "width": 800,
  "height": 450,
  "fps": 30,
  "main": "./script/main.js",
  "assets": {
    "main": {
      "type": "script",
      "path": "script/main.js",
      "global": true
    },
    "font": {
      "type": "image",
      "width": 512,
      "height": 220,
      "path": "image/font.png"
    },
    "font_glyphs": {
      "type": "text",
      "path": "text/font_glyphs.json"
    }
  },
  "environment": {
    "sandbox-runtime": "2"
  },
  "globalScripts": [],
  "moduleMainScripts": {}
}
