{
  "width": 800,
  "height": 450,
  "fps": 30,
  "main": "./script/main.js",
  "assets": {
    "main": {
      "type": "script",
      "path": "script/main.js",
      "global": true
    }
  },
  "environment": {
    "sandbox-runtime": "2"
  },
  "globalScripts": [
    "node_modules/@akashic-extension/akashic-box2d/lib/BodyType.js",
    "node_modules/@akashic-extension/akashic-box2d/lib/Box2D.js",
    "node_modules/@akashic-extension/akashic-box2d/lib/Box2DOptions.js",
    "node_modules/@akashic-extension/akashic-box2d/lib/index.js",
    "node_modules/box2dweb/box2d.js"
  ],
  "moduleMainScripts": {
    "@akashic-extension/akashic-box2d": "node_modules/@akashic-extension/akashic-box2d/lib/index.js",
    "box2dweb": "node_modules/box2dweb/box2d.js"
  }
}
