{
  "map": {
    "8217": { "x": 265, "y": 169, "width": 21, "height": 23 },
    "8221": { "x": 155, "y": 169, "width": 21, "height": 23 },
    "12289": { "x": 89, "y": 193, "width": 21, "height": 23 },
    "12290": { "x": 111, "y": 193, "width": 21, "height": 23 },
    "12300": { "x": 397, "y": 169, "width": 21, "height": 23 },
    "12301": { "x": 419, "y": 169, "width": 21, "height": 23 },
    "12302": { "x": 441, "y": 169, "width": 21, "height": 23 },
    "12303": { "x": 463, "y": 169, "width": 21, "height": 23 },
    "12353": { "x": 441, "y": 49, "width": 21, "height": 23 },
    "12354": { "x": 1, "y": 1, "width": 21, "height": 23 },
    "12355": { "x": 463, "y": 49, "width": 21, "height": 23 },
    "12356": { "x": 23, "y": 1, "width": 21, "height": 23 },
    "12357": { "x": 485, "y": 49, "width": 21, "height": 23 },
    "12358": { "x": 45, "y": 1, "width": 21, "height": 23 },
    "12359": { "x": 1, "y": 73, "width": 21, "height": 23 },
    "12360": { "x": 67, "y": 1, "width": 21, "height": 23 },
    "12361": { "x": 23, "y": 73, "width": 21, "height": 23 },
    "12362": { "x": 89, "y": 1, "width": 21, "height": 23 },
    "12363": { "x": 111, "y": 1, "width": 21, "height": 23 },
    "12364": { "x": 397, "y": 25, "width": 21, "height": 23 },
    "12365": { "x": 133, "y": 1, "width": 21, "height": 23 },
    "12366": { "x": 419, "y": 25, "width": 21, "height": 23 },
    "12367": { "x": 155, "y": 1, "width": 21, "height": 23 },
    "12368": { "x": 441, "y": 25, "width": 21, "height": 23 },
    "12369": { "x": 177, "y": 1, "width": 21, "height": 23 },
    "12370": { "x": 463, "y": 25, "width": 21, "height": 23 },
    "12371": { "x": 199, "y": 1, "width": 21, "height": 23 },
    "12372": { "x": 485, "y": 25, "width": 21, "height": 23 },
    "12373": { "x": 221, "y": 1, "width": 21, "height": 23 },
    "12374": { "x": 1, "y": 49, "width": 21, "height": 23 },
    "12375": { "x": 243, "y": 1, "width": 21, "height": 23 },
    "12376": { "x": 23, "y": 49, "width": 21, "height": 23 },
    "12377": { "x": 265, "y": 1, "width": 21, "height": 23 },
    "12378": { "x": 45, "y": 49, "width": 21, "height": 23 },
    "12379": { "x": 287, "y": 1, "width": 21, "height": 23 },
    "12380": { "x": 67, "y": 49, "width": 21, "height": 23 },
    "12381": { "x": 309, "y": 1, "width": 21, "height": 23 },
    "12382": { "x": 89, "y": 49, "width": 21, "height": 23 },
    "12383": { "x": 331, "y": 1, "width": 21, "height": 23 },
    "12384": { "x": 111, "y": 49, "width": 21, "height": 23 },
    "12385": { "x": 353, "y": 1, "width": 21, "height": 23 },
    "12386": { "x": 133, "y": 49, "width": 21, "height": 23 },
    "12387": { "x": 111, "y": 73, "width": 21, "height": 23 },
    "12388": { "x": 375, "y": 1, "width": 21, "height": 23 },
    "12389": { "x": 155, "y": 49, "width": 21, "height": 23 },
    "12390": { "x": 397, "y": 1, "width": 21, "height": 23 },
    "12391": { "x": 177, "y": 49, "width": 21, "height": 23 },
    "12392": { "x": 419, "y": 1, "width": 21, "height": 23 },
    "12393": { "x": 199, "y": 49, "width": 21, "height": 23 },
    "12394": { "x": 441, "y": 1, "width": 21, "height": 23 },
    "12395": { "x": 463, "y": 1, "width": 21, "height": 23 },
    "12396": { "x": 485, "y": 1, "width": 21, "height": 23 },
    "12397": { "x": 1, "y": 25, "width": 21, "height": 23 },
    "12398": { "x": 23, "y": 25, "width": 21, "height": 23 },
    "12399": { "x": 45, "y": 25, "width": 21, "height": 23 },
    "12400": { "x": 221, "y": 49, "width": 21, "height": 23 },
    "12401": { "x": 331, "y": 49, "width": 21, "height": 23 },
    "12402": { "x": 67, "y": 25, "width": 21, "height": 23 },
    "12403": { "x": 243, "y": 49, "width": 21, "height": 23 },
    "12404": { "x": 353, "y": 49, "width": 21, "height": 23 },
    "12405": { "x": 89, "y": 25, "width": 21, "height": 23 },
    "12406": { "x": 265, "y": 49, "width": 21, "height": 23 },
    "12407": { "x": 375, "y": 49, "width": 21, "height": 23 },
    "12408": { "x": 111, "y": 25, "width": 21, "height": 23 },
    "12409": { "x": 287, "y": 49, "width": 21, "height": 23 },
    "12410": { "x": 397, "y": 49, "width": 21, "height": 23 },
    "12411": { "x": 133, "y": 25, "width": 21, "height": 23 },
    "12412": { "x": 309, "y": 49, "width": 21, "height": 23 },
    "12413": { "x": 419, "y": 49, "width": 21, "height": 23 },
    "12414": { "x": 155, "y": 25, "width": 21, "height": 23 },
    "12415": { "x": 177, "y": 25, "width": 21, "height": 23 },
    "12416": { "x": 199, "y": 25, "width": 21, "height": 23 },
    "12417": { "x": 221, "y": 25, "width": 21, "height": 23 },
    "12418": { "x": 243, "y": 25, "width": 21, "height": 23 },
    "12419": { "x": 45, "y": 73, "width": 21, "height": 23 },
    "12420": { "x": 265, "y": 25, "width": 21, "height": 23 },
    "12421": { "x": 67, "y": 73, "width": 21, "height": 23 },
    "12422": { "x": 287, "y": 25, "width": 21, "height": 23 },
    "12423": { "x": 89, "y": 73, "width": 21, "height": 23 },
    "12424": { "x": 309, "y": 25, "width": 21, "height": 23 },
    "12431": { "x": 331, "y": 25, "width": 21, "height": 23 },
    "12434": { "x": 353, "y": 25, "width": 21, "height": 23 },
    "12435": { "x": 375, "y": 25, "width": 21, "height": 23 },
    "12449": { "x": 199, "y": 145, "width": 21, "height": 23 },
    "12450": { "x": 155, "y": 73, "width": 21, "height": 23 },
    "12451": { "x": 221, "y": 145, "width": 21, "height": 23 },
    "12452": { "x": 177, "y": 73, "width": 21, "height": 23 },
    "12453": { "x": 243, "y": 145, "width": 21, "height": 23 },
    "12454": { "x": 199, "y": 73, "width": 21, "height": 23 },
    "12455": { "x": 265, "y": 145, "width": 21, "height": 23 },
    "12456": { "x": 221, "y": 73, "width": 21, "height": 23 },
    "12457": { "x": 287, "y": 145, "width": 21, "height": 23 },
    "12458": { "x": 243, "y": 73, "width": 21, "height": 23 },
    "12459": { "x": 265, "y": 73, "width": 21, "height": 23 },
    "12460": { "x": 155, "y": 121, "width": 21, "height": 23 },
    "12461": { "x": 287, "y": 73, "width": 21, "height": 23 },
    "12462": { "x": 177, "y": 121, "width": 21, "height": 23 },
    "12463": { "x": 309, "y": 73, "width": 21, "height": 23 },
    "12464": { "x": 199, "y": 121, "width": 21, "height": 23 },
    "12465": { "x": 331, "y": 73, "width": 21, "height": 23 },
    "12466": { "x": 221, "y": 121, "width": 21, "height": 23 },
    "12467": { "x": 353, "y": 73, "width": 21, "height": 23 },
    "12468": { "x": 243, "y": 121, "width": 21, "height": 23 },
    "12469": { "x": 375, "y": 73, "width": 21, "height": 23 },
    "12470": { "x": 265, "y": 121, "width": 21, "height": 23 },
    "12471": { "x": 397, "y": 73, "width": 21, "height": 23 },
    "12472": { "x": 287, "y": 121, "width": 21, "height": 23 },
    "12473": { "x": 419, "y": 73, "width": 21, "height": 23 },
    "12474": { "x": 309, "y": 121, "width": 21, "height": 23 },
    "12475": { "x": 441, "y": 73, "width": 21, "height": 23 },
    "12476": { "x": 331, "y": 121, "width": 21, "height": 23 },
    "12477": { "x": 463, "y": 73, "width": 21, "height": 23 },
    "12478": { "x": 353, "y": 121, "width": 21, "height": 23 },
    "12479": { "x": 485, "y": 73, "width": 21, "height": 23 },
    "12480": { "x": 375, "y": 121, "width": 21, "height": 23 },
    "12481": { "x": 1, "y": 97, "width": 21, "height": 23 },
    "12482": { "x": 397, "y": 121, "width": 21, "height": 23 },
    "12483": { "x": 375, "y": 145, "width": 21, "height": 23 },
    "12484": { "x": 23, "y": 97, "width": 21, "height": 23 },
    "12485": { "x": 419, "y": 121, "width": 21, "height": 23 },
    "12486": { "x": 45, "y": 97, "width": 21, "height": 23 },
    "12487": { "x": 441, "y": 121, "width": 21, "height": 23 },
    "12488": { "x": 67, "y": 97, "width": 21, "height": 23 },
    "12489": { "x": 463, "y": 121, "width": 21, "height": 23 },
    "12490": { "x": 89, "y": 97, "width": 21, "height": 23 },
    "12491": { "x": 111, "y": 97, "width": 21, "height": 23 },
    "12492": { "x": 133, "y": 97, "width": 21, "height": 23 },
    "12493": { "x": 155, "y": 97, "width": 21, "height": 23 },
    "12494": { "x": 177, "y": 97, "width": 21, "height": 23 },
    "12495": { "x": 199, "y": 97, "width": 21, "height": 23 },
    "12496": { "x": 485, "y": 121, "width": 21, "height": 23 },
    "12497": { "x": 89, "y": 145, "width": 21, "height": 23 },
    "12498": { "x": 221, "y": 97, "width": 21, "height": 23 },
    "12499": { "x": 1, "y": 145, "width": 21, "height": 23 },
    "12500": { "x": 111, "y": 145, "width": 21, "height": 23 },
    "12501": { "x": 243, "y": 97, "width": 21, "height": 23 },
    "12502": { "x": 23, "y": 145, "width": 21, "height": 23 },
    "12503": { "x": 133, "y": 145, "width": 21, "height": 23 },
    "12504": { "x": 265, "y": 97, "width": 21, "height": 23 },
    "12505": { "x": 45, "y": 145, "width": 21, "height": 23 },
    "12506": { "x": 155, "y": 145, "width": 21, "height": 23 },
    "12507": { "x": 287, "y": 97, "width": 21, "height": 23 },
    "12508": { "x": 67, "y": 145, "width": 21, "height": 23 },
    "12509": { "x": 177, "y": 145, "width": 21, "height": 23 },
    "12510": { "x": 309, "y": 97, "width": 21, "height": 23 },
    "12511": { "x": 331, "y": 97, "width": 21, "height": 23 },
    "12512": { "x": 353, "y": 97, "width": 21, "height": 23 },
    "12513": { "x": 375, "y": 97, "width": 21, "height": 23 },
    "12514": { "x": 397, "y": 97, "width": 21, "height": 23 },
    "12515": { "x": 309, "y": 145, "width": 21, "height": 23 },
    "12516": { "x": 419, "y": 97, "width": 21, "height": 23 },
    "12517": { "x": 331, "y": 145, "width": 21, "height": 23 },
    "12518": { "x": 441, "y": 97, "width": 21, "height": 23 },
    "12519": { "x": 353, "y": 145, "width": 21, "height": 23 },
    "12520": { "x": 463, "y": 97, "width": 21, "height": 23 },
    "12521": { "x": 485, "y": 97, "width": 21, "height": 23 },
    "12522": { "x": 1, "y": 121, "width": 21, "height": 23 },
    "12523": { "x": 23, "y": 121, "width": 21, "height": 23 },
    "12524": { "x": 45, "y": 121, "width": 21, "height": 23 },
    "12525": { "x": 67, "y": 121, "width": 21, "height": 23 },
    "12527": { "x": 89, "y": 121, "width": 21, "height": 23 },
    "12530": { "x": 111, "y": 121, "width": 21, "height": 23 },
    "12531": { "x": 133, "y": 121, "width": 21, "height": 23 },
    "12539": { "x": 221, "y": 193, "width": 21, "height": 23 },
    "12540": { "x": 397, "y": 145, "width": 21, "height": 23 },
    "65281": { "x": 133, "y": 169, "width": 21, "height": 23 },
    "65283": { "x": 177, "y": 169, "width": 21, "height": 23 },
    "65284": { "x": 199, "y": 169, "width": 21, "height": 23 },
    "65285": { "x": 221, "y": 169, "width": 21, "height": 23 },
    "65286": { "x": 243, "y": 169, "width": 21, "height": 23 },
    "65288": { "x": 287, "y": 169, "width": 21, "height": 23 },
    "65289": { "x": 309, "y": 169, "width": 21, "height": 23 },
    "65290": { "x": 23, "y": 193, "width": 21, "height": 23 },
    "65291": { "x": 1, "y": 193, "width": 21, "height": 23 },
    "65292": { "x": 133, "y": 193, "width": 21, "height": 23 },
    "65294": { "x": 155, "y": 193, "width": 21, "height": 23 },
    "65296": { "x": 111, "y": 169, "width": 21, "height": 23 },
    "65297": { "x": 419, "y": 145, "width": 21, "height": 23 },
    "65298": { "x": 441, "y": 145, "width": 21, "height": 23 },
    "65299": { "x": 463, "y": 145, "width": 21, "height": 23 },
    "65300": { "x": 485, "y": 145, "width": 21, "height": 23 },
    "65301": { "x": 1, "y": 169, "width": 21, "height": 23 },
    "65302": { "x": 23, "y": 169, "width": 21, "height": 23 },
    "65303": { "x": 45, "y": 169, "width": 21, "height": 23 },
    "65304": { "x": 67, "y": 169, "width": 21, "height": 23 },
    "65305": { "x": 89, "y": 169, "width": 21, "height": 23 },
    "65306": { "x": 67, "y": 193, "width": 21, "height": 23 },
    "65307": { "x": 45, "y": 193, "width": 21, "height": 23 },
    "65308": { "x": 177, "y": 193, "width": 21, "height": 23 },
    "65309": { "x": 331, "y": 169, "width": 21, "height": 23 },
    "65310": { "x": 199, "y": 193, "width": 21, "height": 23 },
    "65311": { "x": 243, "y": 193, "width": 21, "height": 23 },
    "65312": { "x": 375, "y": 169, "width": 21, "height": 23 },
    "65343": { "x": 265, "y": 193, "width": 21, "height": 23 },
    "65344": { "x": 485, "y": 169, "width": 21, "height": 23 },
    "65372": { "x": 353, "y": 169, "width": 21, "height": 23 }
  },
  "missingGlyph": { "x": 287, "y": 193, "width": 9, "height": 23 },
  "height": 23
}
