{
  "width": 800,
  "height": 450,
  "fps": 30,
  "main": "./script/_bootstrap.js",
  "assets": {
    "_bootstrap": {
      "type": "script",
      "path": "script/_bootstrap.js",
      "global": true
    },
    "main": {
      "type": "script",
      "path": "script/main.js",
      "global": true
    },
    "constants": {
      "type": "script",
      "path": "script/constants.js",
      "global": true
    },
    "Fish": {
      "type": "script",
      "path": "script/entity/Fish.js",
      "global": true
    },
    "FishingRod": {
      "type": "script",
      "path": "script/entity/FishingRod.js",
      "global": true
    },
    "HUDManager": {
      "type": "script",
      "path": "script/HUDManager.js",
      "global": true
    },
    "Sea": {
      "type": "script",
      "path": "script/entity/Sea.js",
      "global": true
    },
    "Resources": {
      "type": "script",
      "path": "script/Resources.js",
      "global": true
    }
  },
  "moduleMainScripts": {
    "@akashic-extension/akashic-timeline": "node_modules/@akashic-extension/akashic-timeline/lib/index.js"
  },
  "environment": {
    "sandbox-runtime": "2",
    "niconico": {
      "supportedModes": ["ranking"],
      "preferredSessionParameters": {
        "totalTimeLimit": 40
      }
    }
  },
  "globalScripts": [
    "node_modules/@akashic-extension/akashic-timeline/lib/ActionType.js",
    "node_modules/@akashic-extension/akashic-timeline/lib/Easing.js",
    "node_modules/@akashic-extension/akashic-timeline/lib/Timeline.js",
    "node_modules/@akashic-extension/akashic-timeline/lib/Tween.js",
    "node_modules/@akashic-extension/akashic-timeline/lib/index.js"
  ]
}
