{
  "width": 1280,
  "height": 720,
  "fps": 30,
  "main": "./script/main.js",
  "assets": {
    "main": {
      "type": "script",
      "path": "script/main.js",
      "global": true
    },
    "transparent": {
      "type": "image",
      "width": 30,
      "height": 30,
      "path": "image/transparent.png"
    },
    "nottransparent": {
      "type": "image",
      "width": 30,
      "height": 30,
      "path": "image/nottransparent.png"
    }
  },
  "moduleMainScripts": {},
  "environment": {
    "sandbox-runtime": "2"
  }
}
