{
  "defaultSeverity": "error",
  "extends": [
      "tslint:recommended"
  ],
  "jsRules": {},
  "rules": {
    "align": [true,
      "parameters",
      "arguments",
      "statements"
    ],
    "ban": false,
    "class-name": true,
    "comment-format": [true,
      "check-space"
    ],
    "curly": false,
    "eofline": true,
    "forin": true,
    "indent": [true, "tabs"],
    "interface-name": [false],
    "jsdoc-format": true,
    "label-position": true,
    "max-classes-per-file": [false],
    "max-line-length": [true, 140],
    "member-access": [false],
    "object-literal-shorthand": false,
    "prefer-for-of": false,
    "trailing-comma": [true, {
      "multiline": "never",
      "singleline": "never"
    }],
    "no-arg": true,
    "no-bitwise": false,
    "no-console": [true,
      "debug",
      "info",
      "time",
      "timeEnd",
      "trace"
    ],
    "no-construct": true,
    "no-debugger": true,
    "no-duplicate-variable": true,
    "no-empty": true,
    "no-empty-interface": false,
    "no-eval": true,
    "no-string-literal": false,
    "no-switch-case-fall-through": true,
    "no-trailing-whitespace": true,
    "no-unused-expression": true,
    "no-unused-variable": [true],
    "no-use-before-declare": true,
    "no-var-requires": true,
    "object-literal-sort-keys": false,
    "one-line": [true,
      "check-open-brace",
      "check-catch",
      "check-else",
      "check-whitespace"
    ],
    "ordered-imports": [false],
    "arrow-parens": false,
    "quotemark": [true, "double"],
    "radix": true,
    "semicolon": [true, "always"],
    "triple-equals": [true, "allow-null-check"],
    "typedef": [true,
      "property-declaration",
      "member-variable-declaration",
      "parameter"
    ],
    "typedef-whitespace": [true, {
      "call-signature": "nospace",
      "index-signature": "nospace",
      "parameter": "nospace",
      "property-declaration": "nospace",
      "variable-declaration": "nospace"
    }],
    "variable-name": false,
    "whitespace": [true,
      "check-branch",
      "check-decl",
      "check-operator",
      "check-separator",
      "check-type"
    ]
  },
  "rulesDirectory": []
}