{"d_0":{"x":0,"y":0,"width":110,"height":72},"d_1":{"x":0,"y":74,"width":110,"height":72},"d_2":{"x":112,"y":0,"width":110,"height":72},"d_3":{"x":112,"y":74,"width":110,"height":72},"d_4":{"x":0,"y":148,"width":110,"height":72},"d_5":{"x":112,"y":148,"width":110,"height":72},"d_6":{"x":0,"y":222,"width":110,"height":72},"d_7":{"x":112,"y":222,"width":110,"height":72},"d_8":{"x":224,"y":0,"width":110,"height":72},"d_9":{"x":224,"y":74,"width":110,"height":72},"sym_0":{"x":224,"y":148,"width":110,"height":72},"sym_1":{"x":224,"y":222,"width":110,"height":72},"sym_10":{"x":0,"y":296,"width":110,"height":72},"sym_11":{"x":112,"y":296,"width":110,"height":72},"sym_12":{"x":224,"y":296,"width":110,"height":72},"sym_13":{"x":336,"y":0,"width":110,"height":72},"sym_14":{"x":336,"y":74,"width":110,"height":72},"sym_15":{"x":336,"y":148,"width":110,"height":72},"sym_16":{"x":336,"y":222,"width":110,"height":72},"sym_17":{"x":336,"y":296,"width":110,"height":72},"sym_18":{"x":0,"y":370,"width":110,"height":72},"sym_19":{"x":112,"y":370,"width":110,"height":72},"sym_2":{"x":224,"y":370,"width":110,"height":72},"sym_3":{"x":336,"y":370,"width":110,"height":72},"sym_4":{"x":0,"y":444,"width":110,"height":72},"sym_5":{"x":112,"y":444,"width":110,"height":72},"sym_6":{"x":224,"y":444,"width":110,"height":72},"sym_7":{"x":336,"y":444,"width":110,"height":72},"sym_8":{"x":448,"y":0,"width":110,"height":72},"sym_9":{"x":448,"y":74,"width":110,"height":72}}