{"a_d":{"x":0,"y":0,"width":153,"height":74},"a_h":{"x":0,"y":76,"width":153,"height":74},"a_l":{"x":0,"y":152,"width":153,"height":75},"a_p":{"x":155,"y":0,"width":153,"height":75},"a_t":{"x":155,"y":77,"width":153,"height":74},"a_x":{"x":155,"y":153,"width":153,"height":74},"a_a":{"x":0,"y":229,"width":152,"height":74},"a_b":{"x":154,"y":229,"width":152,"height":74},"a_c":{"x":0,"y":305,"width":152,"height":74},"a_e":{"x":154,"y":305,"width":152,"height":74},"a_f":{"x":310,"y":0,"width":152,"height":74},"a_g":{"x":310,"y":76,"width":152,"height":74},"a_i":{"x":310,"y":152,"width":152,"height":75},"a_j":{"x":308,"y":229,"width":152,"height":75},"a_k":{"x":0,"y":381,"width":152,"height":75},"a_m":{"x":154,"y":381,"width":152,"height":75},"a_n":{"x":308,"y":306,"width":152,"height":75},"a_o":{"x":0,"y":458,"width":152,"height":75},"a_q":{"x":154,"y":458,"width":152,"height":74},"a_r":{"x":308,"y":383,"width":152,"height":74},"a_s":{"x":308,"y":459,"width":152,"height":74},"a_u":{"x":464,"y":0,"width":152,"height":74},"a_v":{"x":464,"y":76,"width":152,"height":74},"a_w":{"x":464,"y":152,"width":152,"height":74},"a_y":{"x":464,"y":228,"width":152,"height":75},"a_z":{"x":462,"y":305,"width":152,"height":75}}