{"nn":{"x":0,"y":0,"width":120,"height":72},"semiVoiced":{"x":0,"y":74,"width":120,"height":72},"small":{"x":122,"y":0,"width":120,"height":72},"voiced":{"x":122,"y":74,"width":120,"height":72},"wa":{"x":0,"y":148,"width":120,"height":72},"wo":{"x":122,"y":148,"width":120,"height":72},"ya":{"x":0,"y":222,"width":120,"height":72},"yo":{"x":122,"y":222,"width":120,"height":72},"yu":{"x":244,"y":0,"width":120,"height":72},"a":{"x":244,"y":74,"width":72,"height":72},"e":{"x":244,"y":148,"width":72,"height":72},"ha":{"x":244,"y":222,"width":72,"height":72},"he":{"x":0,"y":296,"width":72,"height":72},"hi":{"x":74,"y":296,"width":72,"height":72},"ho":{"x":148,"y":296,"width":72,"height":72},"hu":{"x":222,"y":296,"width":72,"height":72},"i":{"x":296,"y":296,"width":72,"height":72},"ka":{"x":366,"y":0,"width":72,"height":72},"ke":{"x":318,"y":74,"width":72,"height":72},"ki":{"x":318,"y":148,"width":72,"height":72},"ko":{"x":318,"y":222,"width":72,"height":72},"ku":{"x":0,"y":370,"width":72,"height":72},"ma":{"x":74,"y":370,"width":72,"height":72},"me":{"x":148,"y":370,"width":72,"height":72},"mi":{"x":222,"y":370,"width":72,"height":72},"mo":{"x":296,"y":370,"width":72,"height":72},"mu":{"x":440,"y":0,"width":72,"height":72},"na":{"x":392,"y":74,"width":72,"height":72},"ne":{"x":392,"y":148,"width":72,"height":72},"ni":{"x":392,"y":222,"width":72,"height":72},"no":{"x":370,"y":296,"width":72,"height":72},"nu":{"x":370,"y":370,"width":72,"height":72},"o":{"x":0,"y":444,"width":72,"height":72},"ra":{"x":74,"y":444,"width":72,"height":72},"re":{"x":148,"y":444,"width":72,"height":72},"ri":{"x":222,"y":444,"width":72,"height":72},"ro":{"x":296,"y":444,"width":72,"height":72},"ru":{"x":370,"y":444,"width":72,"height":72},"sa":{"x":514,"y":0,"width":72,"height":72},"se":{"x":466,"y":74,"width":72,"height":72},"si":{"x":466,"y":148,"width":72,"height":72},"so":{"x":466,"y":222,"width":72,"height":72},"su":{"x":444,"y":296,"width":72,"height":72},"ta":{"x":444,"y":370,"width":72,"height":72},"te":{"x":444,"y":444,"width":72,"height":72},"ti":{"x":0,"y":518,"width":72,"height":72},"to":{"x":74,"y":518,"width":72,"height":72},"tu":{"x":148,"y":518,"width":72,"height":72},"u":{"x":222,"y":518,"width":72,"height":72}}