{
    "12354": {
        "x": 0,
        "y": 0,
        "width": 72,
        "height": 72
    },
    "12356": {
        "x": 72,
        "y": 0,
        "width": 72,
        "height": 72
    },
    "12358": {
        "x": 144,
        "y": 0,
        "width": 72,
        "height": 72
    },
    "12360": {
        "x": 216,
        "y": 0,
        "width": 72,
        "height": 72
    },
    "12362": {
        "x": 288,
        "y": 0,
        "width": 72,
        "height": 72
    },
    "12363": {
        "x": 360,
        "y": 0,
        "width": 72,
        "height": 72
    },
    "12365": {
        "x": 432,
        "y": 0,
        "width": 72,
        "height": 72
    },
    "12367": {
        "x": 504,
        "y": 0,
        "width": 72,
        "height": 72
    },
    "12369": {
        "x": 576,
        "y": 0,
        "width": 72,
        "height": 72
    },
    "12371": {
        "x": 648,
        "y": 0,
        "width": 72,
        "height": 72
    },
    "12373": {
        "x": 0,
        "y": 72,
        "width": 72,
        "height": 72
    },
    "12375": {
        "x": 72,
        "y": 72,
        "width": 72,
        "height": 72
    },
    "12377": {
        "x": 144,
        "y": 72,
        "width": 72,
        "height": 72
    },
    "12379": {
        "x": 216,
        "y": 72,
        "width": 72,
        "height": 72
    },
    "12381": {
        "x": 288,
        "y": 72,
        "width": 72,
        "height": 72
    },
    "12383": {
        "x": 360,
        "y": 72,
        "width": 72,
        "height": 72
    },
    "12385": {
        "x": 432,
        "y": 72,
        "width": 72,
        "height": 72
    },
    "12388": {
        "x": 504,
        "y": 72,
        "width": 72,
        "height": 72
    },
    "12390": {
        "x": 576,
        "y": 72,
        "width": 72,
        "height": 72
    },
    "12392": {
        "x": 648,
        "y": 72,
        "width": 72,
        "height": 72
    },
    "12394": {
        "x": 0,
        "y": 144,
        "width": 72,
        "height": 72
    },
    "12395": {
        "x": 72,
        "y": 144,
        "width": 72,
        "height": 72
    },
    "12396": {
        "x": 144,
        "y": 144,
        "width": 72,
        "height": 72
    },
    "12397": {
        "x": 216,
        "y": 144,
        "width": 72,
        "height": 72
    },
    "12398": {
        "x": 288,
        "y": 144,
        "width": 72,
        "height": 72
    },
    "12399": {
        "x": 360,
        "y": 144,
        "width": 72,
        "height": 72
    },
    "12402": {
        "x": 432,
        "y": 144,
        "width": 72,
        "height": 72
    },
    "12405": {
        "x": 504,
        "y": 144,
        "width": 72,
        "height": 72
    },
    "12408": {
        "x": 576,
        "y": 144,
        "width": 72,
        "height": 72
    },
    "12411": {
        "x": 648,
        "y": 144,
        "width": 72,
        "height": 72
    },
    "12414": {
        "x": 0,
        "y": 216,
        "width": 72,
        "height": 72
    },
    "12415": {
        "x": 72,
        "y": 216,
        "width": 72,
        "height": 72
    },
    "12416": {
        "x": 144,
        "y": 216,
        "width": 72,
        "height": 72
    },
    "12417": {
        "x": 216,
        "y": 216,
        "width": 72,
        "height": 72
    },
    "12418": {
        "x": 288,
        "y": 216,
        "width": 72,
        "height": 72
    },
    "12420": {
        "x": 360,
        "y": 216,
        "width": 72,
        "height": 72
    },
    "12422": {
        "x": 432,
        "y": 216,
        "width": 72,
        "height": 72
    },
    "12424": {
        "x": 504,
        "y": 216,
        "width": 72,
        "height": 72
    },
    "12425": {
        "x": 576,
        "y": 216,
        "width": 72,
        "height": 72
    },
    "12426": {
        "x": 648,
        "y": 216,
        "width": 72,
        "height": 72
    },
    "12427": {
        "x": 0,
        "y": 288,
        "width": 72,
        "height": 72
    },
    "12428": {
        "x": 72,
        "y": 288,
        "width": 72,
        "height": 72
    },
    "12429": {
        "x": 144,
        "y": 288,
        "width": 72,
        "height": 72
    },
    "12431": {
        "x": 216,
        "y": 288,
        "width": 72,
        "height": 72
    },
    "12434": {
        "x": 288,
        "y": 288,
        "width": 72,
        "height": 72
    },
    "12435": {
        "x": 360,
        "y": 288,
        "width": 72,
        "height": 72
    },
    "12364": {
        "x": 432,
        "y": 288,
        "width": 72,
        "height": 72
    },
    "12366": {
        "x": 504,
        "y": 288,
        "width": 72,
        "height": 72
    },
    "12368": {
        "x": 576,
        "y": 288,
        "width": 72,
        "height": 72
    },
    "12370": {
        "x": 648,
        "y": 288,
        "width": 72,
        "height": 72
    },
    "12372": {
        "x": 0,
        "y": 360,
        "width": 72,
        "height": 72
    },
    "12374": {
        "x": 72,
        "y": 360,
        "width": 72,
        "height": 72
    },
    "12376": {
        "x": 144,
        "y": 360,
        "width": 72,
        "height": 72
    },
    "12378": {
        "x": 216,
        "y": 360,
        "width": 72,
        "height": 72
    },
    "12380": {
        "x": 288,
        "y": 360,
        "width": 72,
        "height": 72
    },
    "12382": {
        "x": 360,
        "y": 360,
        "width": 72,
        "height": 72
    },
    "12384": {
        "x": 432,
        "y": 360,
        "width": 72,
        "height": 72
    },
    "12386": {
        "x": 504,
        "y": 360,
        "width": 72,
        "height": 72
    },
    "12389": {
        "x": 576,
        "y": 360,
        "width": 72,
        "height": 72
    },
    "12391": {
        "x": 648,
        "y": 360,
        "width": 72,
        "height": 72
    },
    "12393": {
        "x": 0,
        "y": 432,
        "width": 72,
        "height": 72
    },
    "12400": {
        "x": 72,
        "y": 432,
        "width": 72,
        "height": 72
    },
    "12403": {
        "x": 144,
        "y": 432,
        "width": 72,
        "height": 72
    },
    "12406": {
        "x": 216,
        "y": 432,
        "width": 72,
        "height": 72
    },
    "12409": {
        "x": 288,
        "y": 432,
        "width": 72,
        "height": 72
    },
    "12412": {
        "x": 360,
        "y": 432,
        "width": 72,
        "height": 72
    },
    "12401": {
        "x": 432,
        "y": 432,
        "width": 72,
        "height": 72
    },
    "12404": {
        "x": 504,
        "y": 432,
        "width": 72,
        "height": 72
    },
    "12407": {
        "x": 576,
        "y": 432,
        "width": 72,
        "height": 72
    },
    "12410": {
        "x": 648,
        "y": 432,
        "width": 72,
        "height": 72
    },
    "12413": {
        "x": 0,
        "y": 504,
        "width": 72,
        "height": 72
    },
    "12353": {
        "x": 72,
        "y": 504,
        "width": 72,
        "height": 72
    },
    "12355": {
        "x": 144,
        "y": 504,
        "width": 72,
        "height": 72
    },
    "12357": {
        "x": 216,
        "y": 504,
        "width": 72,
        "height": 72
    },
    "12359": {
        "x": 288,
        "y": 504,
        "width": 72,
        "height": 72
    },
    "12361": {
        "x": 360,
        "y": 504,
        "width": 72,
        "height": 72
    },
    "12387": {
        "x": 432,
        "y": 504,
        "width": 72,
        "height": 72
    },
    "12419": {
        "x": 504,
        "y": 504,
        "width": 72,
        "height": 72
    },
    "12421": {
        "x": 576,
        "y": 504,
        "width": 72,
        "height": 72
    },
    "12423": {
        "x": 648,
        "y": 504,
        "width": 72,
        "height": 72
    },
    "12430": {
        "x": 0,
        "y": 576,
        "width": 72,
        "height": 72
    },
    "23567": {
        "x": 72,
        "y": 576,
        "width": 72,
        "height": 72
    },
    "12443": {
        "x": 144,
        "y": 576,
        "width": 72,
        "height": 72
    },
    "12444": {
        "x": 216,
        "y": 576,
        "width": 72,
        "height": 72
    },
    "97": {
        "x": 288,
        "y": 576,
        "width": 72,
        "height": 72
    },
    "98": {
        "x": 360,
        "y": 576,
        "width": 72,
        "height": 72
    },
    "99": {
        "x": 432,
        "y": 576,
        "width": 72,
        "height": 72
    },
    "100": {
        "x": 504,
        "y": 576,
        "width": 72,
        "height": 72
    },
    "101": {
        "x": 576,
        "y": 576,
        "width": 72,
        "height": 72
    },
    "102": {
        "x": 648,
        "y": 576,
        "width": 72,
        "height": 72
    },
    "103": {
        "x": 0,
        "y": 648,
        "width": 72,
        "height": 72
    },
    "104": {
        "x": 72,
        "y": 648,
        "width": 72,
        "height": 72
    },
    "105": {
        "x": 144,
        "y": 648,
        "width": 72,
        "height": 72
    },
    "106": {
        "x": 216,
        "y": 648,
        "width": 72,
        "height": 72
    },
    "107": {
        "x": 288,
        "y": 648,
        "width": 72,
        "height": 72
    },
    "108": {
        "x": 360,
        "y": 648,
        "width": 72,
        "height": 72
    },
    "109": {
        "x": 432,
        "y": 648,
        "width": 72,
        "height": 72
    },
    "110": {
        "x": 504,
        "y": 648,
        "width": 72,
        "height": 72
    },
    "111": {
        "x": 576,
        "y": 648,
        "width": 72,
        "height": 72
    },
    "112": {
        "x": 648,
        "y": 648,
        "width": 72,
        "height": 72
    },
    "113": {
        "x": 0,
        "y": 720,
        "width": 72,
        "height": 72
    },
    "114": {
        "x": 72,
        "y": 720,
        "width": 72,
        "height": 72
    },
    "115": {
        "x": 144,
        "y": 720,
        "width": 72,
        "height": 72
    },
    "116": {
        "x": 216,
        "y": 720,
        "width": 72,
        "height": 72
    },
    "117": {
        "x": 288,
        "y": 720,
        "width": 72,
        "height": 72
    },
    "118": {
        "x": 360,
        "y": 720,
        "width": 72,
        "height": 72
    },
    "119": {
        "x": 432,
        "y": 720,
        "width": 72,
        "height": 72
    },
    "120": {
        "x": 504,
        "y": 720,
        "width": 72,
        "height": 72
    },
    "121": {
        "x": 576,
        "y": 720,
        "width": 72,
        "height": 72
    },
    "122": {
        "x": 648,
        "y": 720,
        "width": 72,
        "height": 72
    },
    "49": {
        "x": 0,
        "y": 792,
        "width": 72,
        "height": 72
    },
    "50": {
        "x": 72,
        "y": 792,
        "width": 72,
        "height": 72
    },
    "51": {
        "x": 144,
        "y": 792,
        "width": 72,
        "height": 72
    },
    "52": {
        "x": 216,
        "y": 792,
        "width": 72,
        "height": 72
    },
    "53": {
        "x": 288,
        "y": 792,
        "width": 72,
        "height": 72
    },
    "54": {
        "x": 360,
        "y": 792,
        "width": 72,
        "height": 72
    },
    "55": {
        "x": 432,
        "y": 792,
        "width": 72,
        "height": 72
    },
    "56": {
        "x": 504,
        "y": 792,
        "width": 72,
        "height": 72
    },
    "57": {
        "x": 576,
        "y": 792,
        "width": 72,
        "height": 72
    },
    "48": {
        "x": 648,
        "y": 792,
        "width": 72,
        "height": 72
    },
    "39": {
        "x": 0,
        "y": 864,
        "width": 72,
        "height": 72
    },
    "65292": {
        "x": 72,
        "y": 864,
        "width": 72,
        "height": 72
    },
    "65294": {
        "x": 144,
        "y": 864,
        "width": 72,
        "height": 72
    },
    "12539": {
        "x": 216,
        "y": 864,
        "width": 72,
        "height": 72
    },
    "65311": {
        "x": 288,
        "y": 864,
        "width": 72,
        "height": 72
    },
    "65281": {
        "x": 360,
        "y": 864,
        "width": 72,
        "height": 72
    },
    "65309": {
        "x": 432,
        "y": 864,
        "width": 72,
        "height": 72
    },
    "65374": {
        "x": 504,
        "y": 864,
        "width": 72,
        "height": 72
    },
    "12540": {
        "x": 576,
        "y": 864,
        "width": 72,
        "height": 72
    },
    "65288": {
        "x": 648,
        "y": 864,
        "width": 72,
        "height": 72
    },
    "65289": {
        "x": 0,
        "y": 936,
        "width": 72,
        "height": 72
    },
    "12300": {
        "x": 72,
        "y": 936,
        "width": 72,
        "height": 72
    },
    "12301": {
        "x": 144,
        "y": 936,
        "width": 72,
        "height": 72
    },
    "65308": {
        "x": 216,
        "y": 936,
        "width": 72,
        "height": 72
    },
    "65310": {
        "x": 288,
        "y": 936,
        "width": 72,
        "height": 72
    },
    "65286": {
        "x": 360,
        "y": 936,
        "width": 72,
        "height": 72
    },
    "65283": {
        "x": 432,
        "y": 936,
        "width": 72,
        "height": 72
    },
    "65284": {
        "x": 504,
        "y": 936,
        "width": 72,
        "height": 72
    },
    "65285": {
        "x": 576,
        "y": 936,
        "width": 72,
        "height": 72
    },
    "9733": {
        "x": 648,
        "y": 936,
        "width": 72,
        "height": 72
    }
}